title,old_path,new_path
(공동-참고)야생조류 조류인플루엔자 검사현황,data/2021/2021-11/2021-11-08/109_미분류_공동_참고_야생조류_조류인플루엔자_검사현황.md,data/2021/2021-11/2021-11-08/109_농림축산식품부_공동_참고_야생조류_조류인플루엔자_검사현황.md
(공동-참고)야생조류 조류인플루엔자 검사현황,data/2021/2021-11/2021-11-09/084_미분류_공동_참고_야생조류_조류인플루엔자_검사현황.md,data/2021/2021-11/2021-11-09/084_농림축산식품부_공동_참고_야생조류_조류인플루엔자_검사현황.md
(공동-참고)야생조류 조류인플루엔자 검사현황,data/2021/2021-11/2021-11-10/125_미분류_공동_참고_야생조류_조류인플루엔자_검사현황.md,data/2021/2021-11/2021-11-10/125_농림축산식품부_공동_참고_야생조류_조류인플루엔자_검사현황.md
(공동-참고)야생조류 조류인플루엔자 검사현황,data/2021/2021-11/2021-11-12/085_미분류_공동_참고_야생조류_조류인플루엔자_검사현황.md,data/2021/2021-11/2021-11-12/085_농림축산식품부_공동_참고_야생조류_조류인플루엔자_검사현황.md
(공동-참고)야생조류 조류인플루엔자 검사현황,data/2021/2021-11/2021-11-16/121_미분류_공동_참고_야생조류_조류인플루엔자_검사현황.md,data/2021/2021-11/2021-11-16/121_농림축산식품부_공동_참고_야생조류_조류인플루엔자_검사현황.md
(공동-참고)고병원성 조류인플루엔자 발생·검출 현황,data/2021/2021-11/2021-11-19/085_미분류_공동_참고_고병원성_조류인플루엔자_발생_검출_현황.md,data/2021/2021-11/2021-11-19/085_농림축산식품부_공동_참고_고병원성_조류인플루엔자_발생_검출_현황.md
(공동-참고)고병원성 조류인플루엔자 발생·검출 현황,data/2021/2021-11/2021-11-20/009_미분류_공동_참고_고병원성_조류인플루엔자_발생_검출_현황.md,data/2021/2021-11/2021-11-20/009_농림축산식품부_공동_참고_고병원성_조류인플루엔자_발생_검출_현황.md
(공동-참고)고병원성 조류인플루엔자 발생·검출 현황,data/2021/2021-11/2021-11-21/018_미분류_공동_참고_고병원성_조류인플루엔자_발생_검출_현황.md,data/2021/2021-11/2021-11-21/018_농림축산식품부_공동_참고_고병원성_조류인플루엔자_발생_검출_현황.md
(공동-참고)고병원성 조류인플루엔자 발생·검출 현황,data/2021/2021-11/2021-11-22/102_미분류_공동_참고_고병원성_조류인플루엔자_발생_검출_현황.md,data/2021/2021-11/2021-11-22/102_농림축산식품부_공동_참고_고병원성_조류인플루엔자_발생_검출_현황.md
(공동-참고)고병원성 조류인플루엔자 발생·검출 현황,data/2021/2021-11/2021-11-23/117_미분류_공동_참고_고병원성_조류인플루엔자_발생_검출_현황.md,data/2021/2021-11/2021-11-23/117_농림축산식품부_공동_참고_고병원성_조류인플루엔자_발생_검출_현황.md
(공동-참고)고병원성 조류인플루엔자 발생·검출 현황,data/2021/2021-11/2021-11-24/123_미분류_공동_참고_고병원성_조류인플루엔자_발생_검출_현황.md,data/2021/2021-11/2021-11-24/123_농림축산식품부_공동_참고_고병원성_조류인플루엔자_발생_검출_현황.md
(공동-참고)고병원성 조류인플루엔자 발생·검출 현황,data/2021/2021-11/2021-11-25/131_미분류_공동_참고_고병원성_조류인플루엔자_발생_검출_현황.md,data/2021/2021-11/2021-11-25/131_농림축산식품부_공동_참고_고병원성_조류인플루엔자_발생_검출_현황.md
(공동-참고)고병원성 조류인플루엔자 발생·검출 현황,data/2021/2021-11/2021-11-26/090_미분류_공동_참고_고병원성_조류인플루엔자_발생_검출_현황.md,data/2021/2021-11/2021-11-26/090_농림축산식품부_공동_참고_고병원성_조류인플루엔자_발생_검출_현황.md
(공동-참고)고병원성 조류인플루엔자 발생·검출 현황,data/2021/2021-11/2021-11-27/006_미분류_공동_참고_고병원성_조류인플루엔자_발생_검출_현황.md,data/2021/2021-11/2021-11-27/006_농림축산식품부_공동_참고_고병원성_조류인플루엔자_발생_검출_현황.md
(공동-참고)고병원성 조류인플루엔자 발생·검출 현황,data/2021/2021-11/2021-11-28/027_미분류_공동_참고_고병원성_조류인플루엔자_발생_검출_현황.md,data/2021/2021-11/2021-11-28/027_농림축산식품부_공동_참고_고병원성_조류인플루엔자_발생_검출_현황.md
(공동-참고)고병원성 조류인플루엔자 발생·검출 현황,data/2021/2021-11/2021-11-30/138_미분류_공동_참고_고병원성_조류인플루엔자_발생_검출_현황.md,data/2021/2021-11/2021-11-30/138_농림축산식품부_공동_참고_고병원성_조류인플루엔자_발생_검출_현황.md
(공동-참고)고병원성 조류인플루엔자 발생·검출 현황,data/2021/2021-12/2021-12-01/115_미분류_공동_참고_고병원성_조류인플루엔자_발생_검출_현황.md,data/2021/2021-12/2021-12-01/115_농림축산식품부_공동_참고_고병원성_조류인플루엔자_발생_검출_현황.md
(공동-참고)고병원성 조류인플루엔자 발생·검출 현황,data/2021/2021-12/2021-12-02/123_미분류_공동_참고_고병원성_조류인플루엔자_발생_검출_현황.md,data/2021/2021-12/2021-12-02/123_농림축산식품부_공동_참고_고병원성_조류인플루엔자_발생_검출_현황.md
(공동-참고)고병원성 조류인플루엔자 발생·검출 현황,data/2021/2021-12/2021-12-02/136_미분류_공동_참고_고병원성_조류인플루엔자_발생_검출_현황.md,data/2021/2021-12/2021-12-02/136_농림축산식품부_공동_참고_고병원성_조류인플루엔자_발생_검출_현황.md
(공동-참고)고병원성 조류인플루엔자 발생·검출 현황,data/2021/2021-12/2021-12-04/007_미분류_공동_참고_고병원성_조류인플루엔자_발생_검출_현황.md,data/2021/2021-12/2021-12-04/007_농림축산식품부_공동_참고_고병원성_조류인플루엔자_발생_검출_현황.md
(공동-참고)고병원성 조류인플루엔자 발생·검출 현황,data/2021/2021-12/2021-12-05/024_미분류_공동_참고_고병원성_조류인플루엔자_발생_검출_현황.md,data/2021/2021-12/2021-12-05/024_농림축산식품부_공동_참고_고병원성_조류인플루엔자_발생_검출_현황.md
(공동-참고)고병원성 조류인플루엔자 발생·검출 현황,data/2021/2021-12/2021-12-07/135_미분류_공동_참고_고병원성_조류인플루엔자_발생_검출_현황.md,data/2021/2021-12/2021-12-07/135_농림축산식품부_공동_참고_고병원성_조류인플루엔자_발생_검출_현황.md
(공동-참고)고병원성 조류인플루엔자 발생·검출 현황,data/2021/2021-12/2021-12-08/140_미분류_공동_참고_고병원성_조류인플루엔자_발생_검출_현황.md,data/2021/2021-12/2021-12-08/140_농림축산식품부_공동_참고_고병원성_조류인플루엔자_발생_검출_현황.md
(공동-참고)고병원성 조류인플루엔자 발생·검출 현황,data/2021/2021-12/2021-12-09/156_미분류_공동_참고_고병원성_조류인플루엔자_발생_검출_현황.md,data/2021/2021-12/2021-12-09/156_농림축산식품부_공동_참고_고병원성_조류인플루엔자_발생_검출_현황.md
(공동-참고)고병원성 조류인플루엔자 발생·검출 현황,data/2021/2021-12/2021-12-10/099_미분류_공동_참고_고병원성_조류인플루엔자_발생_검출_현황.md,data/2021/2021-12/2021-12-10/099_농림축산식품부_공동_참고_고병원성_조류인플루엔자_발생_검출_현황.md
(공동-참고)고병원성 조류인플루엔자 발생·검출 현황,data/2021/2021-12/2021-12-11/007_미분류_공동_참고_고병원성_조류인플루엔자_발생_검출_현황.md,data/2021/2021-12/2021-12-11/007_농림축산식품부_공동_참고_고병원성_조류인플루엔자_발생_검출_현황.md
(공동-참고)고병원성 조류인플루엔자 발생·검출 현황,data/2021/2021-12/2021-12-12/027_미분류_공동_참고_고병원성_조류인플루엔자_발생_검출_현황.md,data/2021/2021-12/2021-12-12/027_농림축산식품부_공동_참고_고병원성_조류인플루엔자_발생_검출_현황.md
(공동-참고) 고병원성 조류인플루엔자 발생·검출 현황,data/2021/2021-12/2021-12-13/093_미분류_공동_참고_고병원성_조류인플루엔자_발생_검출_현황.md,data/2021/2021-12/2021-12-13/093_농림축산식품부_공동_참고_고병원성_조류인플루엔자_발생_검출_현황.md
(공동-참고)고병원성 조류인플루엔자 발생·검출 현황,data/2021/2021-12/2021-12-14/133_미분류_공동_참고_고병원성_조류인플루엔자_발생_검출_현황.md,data/2021/2021-12/2021-12-14/133_농림축산식품부_공동_참고_고병원성_조류인플루엔자_발생_검출_현황.md
(공동-참고)고병원성 조류인플루엔자 발생·검출 현황,data/2021/2021-12/2021-12-15/155_미분류_공동_참고_고병원성_조류인플루엔자_발생_검출_현황.md,data/2021/2021-12/2021-12-15/155_농림축산식품부_공동_참고_고병원성_조류인플루엔자_발생_검출_현황.md
(공동-참고)고병원성 조류인플루엔자 발생·검출 현황,data/2021/2021-12/2021-12-16/135_미분류_공동_참고_고병원성_조류인플루엔자_발생_검출_현황.md,data/2021/2021-12/2021-12-16/135_농림축산식품부_공동_참고_고병원성_조류인플루엔자_발생_검출_현황.md
(공동-참고)고병원성 조류인플루엔자 발생·검출 현황,data/2021/2021-12/2021-12-16/142_미분류_공동_참고_고병원성_조류인플루엔자_발생_검출_현황.md,data/2021/2021-12/2021-12-16/142_농림축산식품부_공동_참고_고병원성_조류인플루엔자_발생_검출_현황.md
(공동-참고)고병원성 조류인플루엔자 발생·검출 현황,data/2021/2021-12/2021-12-18/005_미분류_공동_참고_고병원성_조류인플루엔자_발생_검출_현황.md,data/2021/2021-12/2021-12-18/005_농림축산식품부_공동_참고_고병원성_조류인플루엔자_발생_검출_현황.md
(공동-참고)고병원성 조류인플루엔자 발생·검출 현황,data/2021/2021-12/2021-12-20/104_미분류_공동_참고_고병원성_조류인플루엔자_발생_검출_현황.md,data/2021/2021-12/2021-12-20/104_농림축산식품부_공동_참고_고병원성_조류인플루엔자_발생_검출_현황.md
(공동-참고)고병원성 조류인플루엔자 발생·검출 현황,data/2021/2021-12/2021-12-20/116_미분류_공동_참고_고병원성_조류인플루엔자_발생_검출_현황.md,data/2021/2021-12/2021-12-20/116_농림축산식품부_공동_참고_고병원성_조류인플루엔자_발생_검출_현황.md
(공동-참고)고병원성 조류인플루엔자 발생·검출 현황,data/2021/2021-12/2021-12-22/159_미분류_공동_참고_고병원성_조류인플루엔자_발생_검출_현황.md,data/2021/2021-12/2021-12-22/159_농림축산식품부_공동_참고_고병원성_조류인플루엔자_발생_검출_현황.md
(공동-참고)고병원성 조류인플루엔자 발생·검출 현황,data/2021/2021-12/2021-12-23/139_미분류_공동_참고_고병원성_조류인플루엔자_발생_검출_현황.md,data/2021/2021-12/2021-12-23/139_농림축산식품부_공동_참고_고병원성_조류인플루엔자_발생_검출_현황.md
(공동-참고)고병원성 조류인플루엔자 발생·검출 현황,data/2021/2021-12/2021-12-24/068_미분류_공동_참고_고병원성_조류인플루엔자_발생_검출_현황.md,data/2021/2021-12/2021-12-24/068_농림축산식품부_공동_참고_고병원성_조류인플루엔자_발생_검출_현황.md
(공동-참고)고병원성 조류인플루엔자 발생·검출 현황,data/2021/2021-12/2021-12-25/004_미분류_공동_참고_고병원성_조류인플루엔자_발생_검출_현황.md,data/2021/2021-12/2021-12-25/004_농림축산식품부_공동_참고_고병원성_조류인플루엔자_발생_검출_현황.md
(공동-참고)고병원성 조류인플루엔자 발생·검출 현황,data/2021/2021-12/2021-12-28/160_미분류_공동_참고_고병원성_조류인플루엔자_발생_검출_현황.md,data/2021/2021-12/2021-12-28/160_농림축산식품부_공동_참고_고병원성_조류인플루엔자_발생_검출_현황.md
(공동-참고)고병원성 조류인플루엔자 발생·검출 현황,data/2021/2021-12/2021-12-29/164_미분류_공동_참고_고병원성_조류인플루엔자_발생_검출_현황.md,data/2021/2021-12/2021-12-29/164_농림축산식품부_공동_참고_고병원성_조류인플루엔자_발생_검출_현황.md
(공동-참고)고병원성 조류인플루엔자 발생·검출 현황,data/2021/2021-12/2021-12-30/127_미분류_공동_참고_고병원성_조류인플루엔자_발생_검출_현황.md,data/2021/2021-12/2021-12-30/127_농림축산식품부_공동_참고_고병원성_조류인플루엔자_발생_검출_현황.md
(공동-참고)고병원성 조류인플루엔자 발생·검출 현황,data/2021/2021-12/2021-12-31/076_미분류_공동_참고_고병원성_조류인플루엔자_발생_검출_현황.md,data/2021/2021-12/2021-12-31/076_농림축산식품부_공동_참고_고병원성_조류인플루엔자_발생_검출_현황.md
(공동-참고) 고병원성 조류인플루엔자 발생·검출 현황,data/2022/2022-01/2022-01-01/012_미분류_공동_참고_고병원성_조류인플루엔자_발생_검출_현황.md,data/2022/2022-01/2022-01-01/012_농림축산식품부_공동_참고_고병원성_조류인플루엔자_발생_검출_현황.md
